Title,Album,Era,Lead vocal,Highest chart position,Words in Title,Cover,Names,Adjective,Punctuation,Image
Bad Boy,Single,Beatlemania (1963-1965),John,100+,2,1​,0,1​,0,https://upload.wikimedia.org/wikipedia/commons/5/53/Past_Masters.png
Devil in Her Heart,With The Beatles,Beatlemania (1963-1965),George,100+,4,1​,0,1​,0,https://upload.wikimedia.org/wikipedia/en/5/52/With_the_Beatles.png
Dizzy Miss Lizzy,Help!,Beatlemania (1963-1965),John,100+,3,1​,1​,1​,0,https://upload.wikimedia.org/wikipedia/en/d/d7/The_Beatles_-_Help%21.png
Eight Days a Week,Beatles For Sale,Beatlemania (1963-1965),"John, Paul",1,4,0,0,1​,0,https://upload.wikimedia.org/wikipedia/en/4/40/Beatlesforsale.jpg
Every Little Thing,Beatles For Sale,Beatlemania (1963-1965),"John, Paul",100+,3,0,0,1​,0,https://upload.wikimedia.org/wikipedia/en/4/40/Beatlesforsale.jpg
Hold Me Tight,With The Beatles,Beatlemania (1963-1965),Paul,100+,3,0,0,1​,0,https://upload.wikimedia.org/wikipedia/en/5/52/With_the_Beatles.png
I Feel Fine,Single,Beatlemania (1963-1965),John,1,3,0,0,1​,0,https://upload.wikimedia.org/wikipedia/commons/5/53/Past_Masters.png
I Should Have Known Better,A Hard Day's Night,Beatlemania (1963-1965),John,53,5,0,0,1​,0,https://upload.wikimedia.org/wikipedia/en/e/e6/HardDayUK.jpg
Little Child,With The Beatles,Beatlemania (1963-1965),"John, Paul",100+,2,0,0,1​,0,https://upload.wikimedia.org/wikipedia/en/5/52/With_the_Beatles.png
Long Tall Sally,Single,Beatlemania (1963-1965),Paul,100+,3,1​,1​,1​,0,https://upload.wikimedia.org/wikipedia/commons/5/53/Past_Masters.png
Misery,Please Please Me,Beatlemania (1963-1965),"John, Paul",100+,1,0,0,1​,0,https://upload.wikimedia.org/wikipedia/en/2/2e/Please_Please_Me.png
Not a Second Time,With The Beatles,Beatlemania (1963-1965),John,100+,4,0,0,1​,0,https://upload.wikimedia.org/wikipedia/en/5/52/With_the_Beatles.png
Nowhere Man,Rubber Soul,Beatlemania (1963-1965),John,3,2,0,0,1​,0,https://upload.wikimedia.org/wikipedia/en/5/5b/Rubber_Soul.png
Rock and Roll Music,Beatles For Sale,Beatlemania (1963-1965),John,100+,4,1​,0,1​,0,https://upload.wikimedia.org/wikipedia/en/4/40/Beatlesforsale.jpg
Slow Down,Single,Beatlemania (1963-1965),John,25,2,1​,0,1​,0,https://upload.wikimedia.org/wikipedia/commons/5/53/Past_Masters.png
You Like Me Too Much,Help!,Beatlemania (1963-1965),George,100+,5,0,0,1​,0,https://upload.wikimedia.org/wikipedia/en/d/d7/The_Beatles_-_Help%21.png
For You Blue,Let It Be,Late Beatles (1968-1970),George,1,3,0,0,1​,0,https://upload.wikimedia.org/wikipedia/commons/7/7a/The_Beatles_-_Let_It_Be.png
Glass Onion,White Album,Late Beatles (1968-1970),John,100+,2,0,0,1​,0,https://upload.wikimedia.org/wikipedia/commons/2/20/TheBeatles68LP.jpg
Golden Slumbers,Abbey Road,Late Beatles (1968-1970),Paul,100+,2,0,0,1​,0,https://en.wikipedia.org/wiki/Abbey_Road#/media/File:The_Beatles_Abbey_Road_album_cover.jpg
Good Night,White Album,Late Beatles (1968-1970),Ringo,100+,2,0,0,1​,0,https://upload.wikimedia.org/wikipedia/commons/2/20/TheBeatles68LP.jpg
Happiness Is a Warm Gun,White Album,Late Beatles (1968-1970),John,100+,5,0,0,1​,0,https://upload.wikimedia.org/wikipedia/commons/2/20/TheBeatles68LP.jpg
Honey Pie,White Album,Late Beatles (1968-1970),Paul,100+,2,0,0,1​,0,https://upload.wikimedia.org/wikipedia/commons/2/20/TheBeatles68LP.jpg
Old Brown Shoe,Single,Late Beatles (1968-1970),George,100+,3,0,0,1​,0,https://upload.wikimedia.org/wikipedia/commons/5/53/Past_Masters.png
Sexy Sadie,White Album,Late Beatles (1968-1970),John,100+,2,0,1​,1​,0,https://upload.wikimedia.org/wikipedia/commons/2/20/TheBeatles68LP.jpg
The Inner Light,Single,Late Beatles (1968-1970),George,96,3,0,0,1​,0,https://upload.wikimedia.org/wikipedia/commons/5/53/Past_Masters.png
The Long and Winding Road,Let It Be,Late Beatles (1968-1970),Paul,1,5,0,0,1​,0,https://upload.wikimedia.org/wikipedia/commons/7/7a/The_Beatles_-_Let_It_Be.png
While My Guitar Gently Weeps,White Album,Late Beatles (1968-1970),George,100+,5,0,0,1​,0,https://upload.wikimedia.org/wikipedia/commons/2/20/TheBeatles68LP.jpg
Wild Honey Pie,White Album,Late Beatles (1968-1970),Paul,100+,3,0,0,1​,0,https://upload.wikimedia.org/wikipedia/commons/2/20/TheBeatles68LP.jpg
You Never Give Me Your Money,Abbey Road,Late Beatles (1968-1970),Paul,100+,6,0,0,1​,0,https://en.wikipedia.org/wiki/Abbey_Road#/media/File:The_Beatles_Abbey_Road_album_cover.jpg
Blue Jay Way,Magical Mystery Tour,Studio (1966-1967),George,100+,3,0,0,1​,0,https://upload.wikimedia.org/wikipedia/en/e/e8/MagicalMysteryTourDoubleEPcover.jpg
Getting Better,Sgt Pepper's Lonely Hearts Club Band,Studio (1966-1967),Paul,100+,2,0,0,1​,0,https://upload.wikimedia.org/wikipedia/commons/5/57/Sgt._Pepper%27s_Lonely_Hearts_Club_Band_album_art.jpg
Good Day Sunshine,Revolver,Studio (1966-1967),Paul,100+,3,0,0,1​,0,https://upload.wikimedia.org/wikipedia/en/e/ec/Revolver_%28album_cover%29.jpg
Lovely Rita,Sgt Pepper's Lonely Hearts Club Band,Studio (1966-1967),Paul,100+,2,0,1​,1​,0,https://upload.wikimedia.org/wikipedia/commons/5/57/Sgt._Pepper%27s_Lonely_Hearts_Club_Band_album_art.jpg
Magical Mystery Tour,Magical Mystery Tour,Studio (1966-1967),Paul,100+,3,0,0,1​,0,https://upload.wikimedia.org/wikipedia/en/e/e8/MagicalMysteryTourDoubleEPcover.jpg
Only a Northern Song,Yellow Submarine,Studio (1966-1967),George,100+,4,0,0,1​,0,https://upload.wikimedia.org/wikipedia/commons/a/ac/TheBeatles-YellowSubmarinealbumcover.jpg
Paperback Writer,Single,Studio (1966-1967),Paul,1,2,0,0,1​,0,https://upload.wikimedia.org/wikipedia/commons/5/53/Past_Masters.png
With a Little Help from My Friends,Sgt Pepper's Lonely Hearts Club Band,Studio (1966-1967),Ringo,71,7,0,0,1​,0,https://upload.wikimedia.org/wikipedia/commons/5/57/Sgt._Pepper%27s_Lonely_Hearts_Club_Band_album_art.jpg
Yellow Submarine,Revolver,Studio (1966-1967),Ringo,2,2,0,0,1​,0,https://upload.wikimedia.org/wikipedia/en/e/ec/Revolver_%28album_cover%29.jpg
Act Naturally,Help!,Beatlemania (1963-1965),Ringo,47,2,1​,0,0,0,https://upload.wikimedia.org/wikipedia/en/d/d7/The_Beatles_-_Help%21.png
All My Loving,With The Beatles,Beatlemania (1963-1965),Paul,45,3,0,0,0,0,https://upload.wikimedia.org/wikipedia/en/5/52/With_the_Beatles.png
Another Girl,Help!,Beatlemania (1963-1965),Paul,100+,2,0,0,0,0,https://upload.wikimedia.org/wikipedia/en/d/d7/The_Beatles_-_Help%21.png
Any Time at All,A Hard Day's Night,Beatlemania (1963-1965),"John, Paul",100+,4,0,0,0,0,https://upload.wikimedia.org/wikipedia/en/e/e6/HardDayUK.jpg
Drive My Car,Rubber Soul,Beatlemania (1963-1965),"John, Paul",100+,3,0,0,0,0,https://upload.wikimedia.org/wikipedia/en/5/5b/Rubber_Soul.png
I Need You,Help!,Beatlemania (1963-1965),George,100+,3,0,0,0,0,https://upload.wikimedia.org/wikipedia/en/d/d7/The_Beatles_-_Help%21.png
I Saw Her Standing There,Please Please Me,Beatlemania (1963-1965),Paul,14,5,0,0,0,0,https://upload.wikimedia.org/wikipedia/en/2/2e/Please_Please_Me.png
If I Fell,A Hard Day's Night,Beatlemania (1963-1965),"John, Paul",53,3,0,0,0,0,https://upload.wikimedia.org/wikipedia/en/e/e6/HardDayUK.jpg
If I Needed Someone,Rubber Soul,Beatlemania (1963-1965),George,100+,4,0,0,0,0,https://upload.wikimedia.org/wikipedia/en/5/5b/Rubber_Soul.png
Komm Gib Mir Deine Hand,Single,Beatlemania (1963-1965),"John, Paul",100+,5,0,0,0,0,https://upload.wikimedia.org/wikipedia/commons/5/53/Past_Masters.png
Thank You Girl,Single,Beatlemania (1963-1965),"John, Paul",35,3,0,0,0,0,https://upload.wikimedia.org/wikipedia/commons/5/53/Past_Masters.png
Things We Said Today,A Hard Day's Night,Beatlemania (1963-1965),Paul,100+,4,0,0,0,0,https://upload.wikimedia.org/wikipedia/en/e/e6/HardDayUK.jpg
Think for Yourself,Rubber Soul,Beatlemania (1963-1965),George,100+,3,0,0,0,0,https://upload.wikimedia.org/wikipedia/en/5/5b/Rubber_Soul.png
This Boy,Single,Beatlemania (1963-1965),"John, Paul, George",100+,2,0,0,0,0,https://upload.wikimedia.org/wikipedia/commons/5/53/Past_Masters.png
Till There Was You,With The Beatles,Beatlemania (1963-1965),Paul,100+,4,1​,0,0,0,https://upload.wikimedia.org/wikipedia/en/5/52/With_the_Beatles.png
What Goes On,Rubber Soul,Beatlemania (1963-1965),Ringo,81,3,0,0,0,0,https://upload.wikimedia.org/wikipedia/en/5/5b/Rubber_Soul.png
Words of Love,Beatles For Sale,Beatlemania (1963-1965),"John, Paul",100+,3,1​,0,0,0,https://upload.wikimedia.org/wikipedia/en/4/40/Beatlesforsale.jpg
Yes It Is,Single,Beatlemania (1963-1965),John,46,3,0,0,0,0,https://upload.wikimedia.org/wikipedia/commons/5/53/Past_Masters.png
Yesterday,Help!,Beatlemania (1963-1965),Paul,1,1,0,0,0,0,https://upload.wikimedia.org/wikipedia/en/d/d7/The_Beatles_-_Help%21.png
Across the Universe,Let It Be,Late Beatles (1968-1970),John,100+,3,0,0,0,0,https://upload.wikimedia.org/wikipedia/commons/7/7a/The_Beatles_-_Let_It_Be.png
Carry That Weight,Abbey Road,Late Beatles (1968-1970),"Paul, Ringo",100+,3,0,0,0,0,https://en.wikipedia.org/wiki/Abbey_Road#/media/File:The_Beatles_Abbey_Road_album_cover.jpg
Dear Prudence,White Album,Late Beatles (1968-1970),John,100+,2,0,1​,0,0,https://upload.wikimedia.org/wikipedia/commons/2/20/TheBeatles68LP.jpg
Helter Skelter,White Album,Late Beatles (1968-1970),Paul,100+,2,0,0,0,0,https://upload.wikimedia.org/wikipedia/commons/2/20/TheBeatles68LP.jpg
Hey Bulldog,Yellow Submarine,Late Beatles (1968-1970),John,100+,2,0,0,0,0,https://upload.wikimedia.org/wikipedia/commons/a/ac/TheBeatles-YellowSubmarinealbumcover.jpg
Lady Madonna,Single,Late Beatles (1968-1970),Paul,4,2,0,1​,0,0,https://upload.wikimedia.org/wikipedia/commons/5/53/Past_Masters.png
Maggie Mae,Let It Be,Late Beatles (1968-1970),"John, Paul",100+,2,1​,1​,0,0,https://upload.wikimedia.org/wikipedia/commons/7/7a/The_Beatles_-_Let_It_Be.png
Martha My Dear,White Album,Late Beatles (1968-1970),Paul,100+,3,0,1​,0,0,https://upload.wikimedia.org/wikipedia/commons/2/20/TheBeatles68LP.jpg
Piggies,White Album,Late Beatles (1968-1970),George,100+,1,0,0,0,0,https://upload.wikimedia.org/wikipedia/commons/2/20/TheBeatles68LP.jpg
Polythene Pam,Abbey Road,Late Beatles (1968-1970),John,100+,2,0,1​,0,0,https://en.wikipedia.org/wiki/Abbey_Road#/media/File:The_Beatles_Abbey_Road_album_cover.jpg
Revolution 9,White Album,Late Beatles (1968-1970),N/A,100+,2,0,0,0,0,https://upload.wikimedia.org/wikipedia/commons/2/20/TheBeatles68LP.jpg
Rocky Raccoon,White Album,Late Beatles (1968-1970),Paul,100+,2,0,1​,0,0,https://upload.wikimedia.org/wikipedia/commons/2/20/TheBeatles68LP.jpg
Savoy Truffle,White Album,Late Beatles (1968-1970),George,100+,2,0,0,0,0,https://upload.wikimedia.org/wikipedia/commons/2/20/TheBeatles68LP.jpg
She Came in Through the Bathroom Window,Abbey Road,Late Beatles (1968-1970),Paul,100+,7,0,0,0,0,https://en.wikipedia.org/wiki/Abbey_Road#/media/File:The_Beatles_Abbey_Road_album_cover.jpg
Something,Abbey Road,Late Beatles (1968-1970),George,1,1,0,0,0,0,https://en.wikipedia.org/wiki/Abbey_Road#/media/File:The_Beatles_Abbey_Road_album_cover.jpg
Two of Us,Let It Be,Late Beatles (1968-1970),"John, Paul",100+,3,0,0,0,0,https://upload.wikimedia.org/wikipedia/commons/7/7a/The_Beatles_-_Let_It_Be.png
Yer Blues,White Album,Late Beatles (1968-1970),John,100+,2,0,0,0,0,https://upload.wikimedia.org/wikipedia/commons/2/20/TheBeatles68LP.jpg
A Day in the Life,Sgt Pepper's Lonely Hearts Club Band,Studio (1966-1967),"John, Paul",100+,5,0,0,0,0,https://upload.wikimedia.org/wikipedia/commons/5/57/Sgt._Pepper%27s_Lonely_Hearts_Club_Band_album_art.jpg
All You Need Is Love,Magical Mystery Tour,Studio (1966-1967),John,1,5,0,0,0,0,https://upload.wikimedia.org/wikipedia/en/e/e8/MagicalMysteryTourDoubleEPcover.jpg
Penny Lane,Magical Mystery Tour,Studio (1966-1967),Paul,1,2,0,0,0,0,https://upload.wikimedia.org/wikipedia/en/e/e8/MagicalMysteryTourDoubleEPcover.jpg
Pepperland Laid Waste,Yellow Submarine,Studio (1966-1967),N/A,100+,3,0,0,0,0,https://upload.wikimedia.org/wikipedia/commons/a/ac/TheBeatles-YellowSubmarinealbumcover.jpg
Sea of Monsters,Yellow Submarine,Studio (1966-1967),N/A,100+,3,0,0,0,0,https://upload.wikimedia.org/wikipedia/commons/a/ac/TheBeatles-YellowSubmarinealbumcover.jpg
Strawberry Fields Forever,Magical Mystery Tour,Studio (1966-1967),John,8,3,0,0,0,0,https://upload.wikimedia.org/wikipedia/en/e/e8/MagicalMysteryTourDoubleEPcover.jpg
The Fool on the Hill,Magical Mystery Tour,Studio (1966-1967),Paul,100+,5,0,0,0,0,https://upload.wikimedia.org/wikipedia/en/e/e8/MagicalMysteryTourDoubleEPcover.jpg
Tomorrow Never Knows,Revolver,Studio (1966-1967),John,100+,3,0,0,0,0,https://upload.wikimedia.org/wikipedia/en/e/ec/Revolver_%28album_cover%29.jpg
Yellow Submarine in Pepperland,Yellow Submarine,Studio (1966-1967),N/A,100+,4,0,0,0,0,https://upload.wikimedia.org/wikipedia/commons/a/ac/TheBeatles-YellowSubmarinealbumcover.jpg
Your Mother Should Know,Magical Mystery Tour,Studio (1966-1967),Paul,100+,4,0,0,0,0,https://upload.wikimedia.org/wikipedia/en/e/e8/MagicalMysteryTourDoubleEPcover.jpg
And I Love Her,A Hard Day's Night,Beatlemania (1963-1965),Paul,12,4,0,0,0,0,https://upload.wikimedia.org/wikipedia/en/e/e6/HardDayUK.jpg
Boys,Please Please Me,Beatlemania (1963-1965),Ringo,100+,1,1​,0,0,0,https://upload.wikimedia.org/wikipedia/en/2/2e/Please_Please_Me.png
Chains,Please Please Me,Beatlemania (1963-1965),George,100+,1,1​,0,0,0,https://upload.wikimedia.org/wikipedia/en/2/2e/Please_Please_Me.png
Day Tripper,Single,Beatlemania (1963-1965),Paul,5,2,0,0,0,0,https://upload.wikimedia.org/wikipedia/commons/5/53/Past_Masters.png
From Me to You,Single,Beatlemania (1963-1965),"John, Paul",41,4,0,0,0,0,https://upload.wikimedia.org/wikipedia/commons/5/53/Past_Masters.png
Girl,Rubber Soul,Beatlemania (1963-1965),John,100+,1,0,0,0,0,https://upload.wikimedia.org/wikipedia/en/5/5b/Rubber_Soul.png
I Call Your Name,Single,Beatlemania (1963-1965),John,100+,4,0,0,0,0,https://upload.wikimedia.org/wikipedia/commons/5/53/Past_Masters.png
I Wanna Be Your Man,With The Beatles,Beatlemania (1963-1965),"John, Paul, Ringo",100+,5,0,0,0,0,https://upload.wikimedia.org/wikipedia/en/5/52/With_the_Beatles.png
I Want to Hold Your Hand,Single,Beatlemania (1963-1965),"John, Paul",1,6,0,0,0,0,https://upload.wikimedia.org/wikipedia/commons/5/53/Past_Masters.png
In My Life,Rubber Soul,Beatlemania (1963-1965),John,100+,3,0,0,0,0,https://upload.wikimedia.org/wikipedia/en/5/5b/Rubber_Soul.png
Matchbox,Single,Beatlemania (1963-1965),Ringo,17,1,1​,0,0,0,https://upload.wikimedia.org/wikipedia/commons/5/53/Past_Masters.png
Michelle,Rubber Soul,Beatlemania (1963-1965),Paul,100+,1,0,1​,0,0,https://upload.wikimedia.org/wikipedia/en/5/5b/Rubber_Soul.png
No Reply,Beatles For Sale,Beatlemania (1963-1965),John,100+,2,0,0,0,0,https://upload.wikimedia.org/wikipedia/en/4/40/Beatlesforsale.jpg
Roll Over Beethoven,With The Beatles,Beatlemania (1963-1965),George,68,3,1​,1​,0,0,https://upload.wikimedia.org/wikipedia/en/5/52/With_the_Beatles.png
Run for Your Life,Rubber Soul,Beatlemania (1963-1965),John,100+,4,0,0,0,0,https://upload.wikimedia.org/wikipedia/en/5/5b/Rubber_Soul.png
She Loves You,Single,Beatlemania (1963-1965),"John, Paul",1,3,0,0,0,0,https://upload.wikimedia.org/wikipedia/commons/5/53/Past_Masters.png
Sie Liebt Dich,Single,Beatlemania (1963-1965),"John, Paul",97,3,0,0,0,0,https://upload.wikimedia.org/wikipedia/commons/5/53/Past_Masters.png
Tell Me What You See,Help!,Beatlemania (1963-1965),"John, Paul",100+,5,0,0,0,0,https://upload.wikimedia.org/wikipedia/en/d/d7/The_Beatles_-_Help%21.png
Tell Me Why,A Hard Day's Night,Beatlemania (1963-1965),John,100+,3,0,0,0,0,https://upload.wikimedia.org/wikipedia/en/e/e6/HardDayUK.jpg
The Night Before,Help!,Beatlemania (1963-1965),Paul,100+,3,0,0,0,0,https://upload.wikimedia.org/wikipedia/en/d/d7/The_Beatles_-_Help%21.png
The Word,Rubber Soul,Beatlemania (1963-1965),"John, Paul, George",100+,2,0,0,0,0,https://upload.wikimedia.org/wikipedia/en/5/5b/Rubber_Soul.png
Ticket to Ride,Help!,Beatlemania (1963-1965),John,1,3,0,0,0,0,https://upload.wikimedia.org/wikipedia/en/d/d7/The_Beatles_-_Help%21.png
Twist and Shout,Please Please Me,Beatlemania (1963-1965),John,2,3,1​,0,0,0,https://upload.wikimedia.org/wikipedia/en/2/2e/Please_Please_Me.png
Wait,Rubber Soul,Beatlemania (1963-1965),"John, Paul",100+,1,0,0,0,0,https://upload.wikimedia.org/wikipedia/en/5/5b/Rubber_Soul.png
We Can Work It Out,Single,Beatlemania (1963-1965),"John, Paul",1,5,0,0,0,0,https://upload.wikimedia.org/wikipedia/commons/5/53/Past_Masters.png
When I Get Home,A Hard Day's Night,Beatlemania (1963-1965),John,100+,4,0,0,0,0,https://upload.wikimedia.org/wikipedia/en/e/e6/HardDayUK.jpg
Ask Me Why,Please Please Me,Early (<=1962),John,100+,3,0,0,0,0,https://upload.wikimedia.org/wikipedia/en/2/2e/Please_Please_Me.png
Love Me Do,Please Please Me,Early (<=1962),"John, Paul",1,3,0,0,0,0,https://upload.wikimedia.org/wikipedia/en/2/2e/Please_Please_Me.png
Please Please Me,Please Please Me,Early (<=1962),John,3,3,0,0,0,0,https://upload.wikimedia.org/wikipedia/en/2/2e/Please_Please_Me.png
Because,Abbey Road,Late Beatles (1968-1970),"John, Paul, George",100+,1,0,0,0,0,https://en.wikipedia.org/wiki/Abbey_Road#/media/File:The_Beatles_Abbey_Road_album_cover.jpg
Birthday,White Album,Late Beatles (1968-1970),"John, Paul",100+,1,0,0,0,0,https://upload.wikimedia.org/wikipedia/commons/2/20/TheBeatles68LP.jpg
Blackbird,White Album,Late Beatles (1968-1970),Paul,100+,1,0,0,0,0,https://upload.wikimedia.org/wikipedia/commons/2/20/TheBeatles68LP.jpg
Come Together,Abbey Road,Late Beatles (1968-1970),John,1,2,0,0,0,0,https://en.wikipedia.org/wiki/Abbey_Road#/media/File:The_Beatles_Abbey_Road_album_cover.jpg
Cry Baby Cry,White Album,Late Beatles (1968-1970),"John, Paul",100+,3,0,0,0,0,https://upload.wikimedia.org/wikipedia/commons/2/20/TheBeatles68LP.jpg
Dig a Pony,Let It Be,Late Beatles (1968-1970),John,100+,3,0,0,0,0,https://upload.wikimedia.org/wikipedia/commons/7/7a/The_Beatles_-_Let_It_Be.png
Dig It,Let It Be,Late Beatles (1968-1970),John,100+,2,0,0,0,0,https://upload.wikimedia.org/wikipedia/commons/7/7a/The_Beatles_-_Let_It_Be.png
Get Back,Let It Be,Late Beatles (1968-1970),Paul,1,2,0,0,0,0,https://upload.wikimedia.org/wikipedia/commons/7/7a/The_Beatles_-_Let_It_Be.png
Her Majesty,Abbey Road,Late Beatles (1968-1970),Paul,100+,2,0,0,0,0,https://en.wikipedia.org/wiki/Abbey_Road#/media/File:The_Beatles_Abbey_Road_album_cover.jpg
Here Comes the Sun,Abbey Road,Late Beatles (1968-1970),George,3,4,0,0,0,0,https://en.wikipedia.org/wiki/Abbey_Road#/media/File:The_Beatles_Abbey_Road_album_cover.jpg
Hey Jude,Single,Late Beatles (1968-1970),Paul,1,2,0,1​,0,0,https://upload.wikimedia.org/wikipedia/commons/5/53/Past_Masters.png
I Me Mine,Let It Be,Late Beatles (1968-1970),George,100+,3,0,0,0,0,https://upload.wikimedia.org/wikipedia/commons/7/7a/The_Beatles_-_Let_It_Be.png
I Will,White Album,Late Beatles (1968-1970),Paul,100+,2,0,0,0,0,https://upload.wikimedia.org/wikipedia/commons/2/20/TheBeatles68LP.jpg
Julia,White Album,Late Beatles (1968-1970),John,100+,1,0,1​,0,0,https://upload.wikimedia.org/wikipedia/commons/2/20/TheBeatles68LP.jpg
Let It Be,Let It Be,Late Beatles (1968-1970),Paul,1,3,0,0,0,0,https://upload.wikimedia.org/wikipedia/commons/7/7a/The_Beatles_-_Let_It_Be.png
One After 909,Let It Be,Late Beatles (1968-1970),"John, Paul",100+,3,0,0,0,0,https://upload.wikimedia.org/wikipedia/commons/7/7a/The_Beatles_-_Let_It_Be.png
Revolution,Single,Late Beatles (1968-1970),John,12,1,0,0,0,0,https://upload.wikimedia.org/wikipedia/commons/5/53/Past_Masters.png
Revolution 1,White Album,Late Beatles (1968-1970),John,100+,2,0,0,0,0,https://upload.wikimedia.org/wikipedia/commons/2/20/TheBeatles68LP.jpg
Sun King,Abbey Road,Late Beatles (1968-1970),John,100+,2,0,0,0,0,https://en.wikipedia.org/wiki/Abbey_Road#/media/File:The_Beatles_Abbey_Road_album_cover.jpg
The Ballad of John and Yoko,Single,Late Beatles (1968-1970),John,8,6,0,1​,0,0,https://upload.wikimedia.org/wikipedia/commons/5/53/Past_Masters.png
The Continuing Story of Bungalow Bill,White Album,Late Beatles (1968-1970),John,100+,6,0,1​,0,0,https://upload.wikimedia.org/wikipedia/commons/2/20/TheBeatles68LP.jpg
The End,Abbey Road,Late Beatles (1968-1970),Paul,100+,2,0,0,0,0,https://en.wikipedia.org/wiki/Abbey_Road#/media/File:The_Beatles_Abbey_Road_album_cover.jpg
All Together Now,Yellow Submarine,Studio (1966-1967),"John, Paul",100+,3,0,0,0,0,https://upload.wikimedia.org/wikipedia/commons/a/ac/TheBeatles-YellowSubmarinealbumcover.jpg
And Your Bird Can Sing,Revolver,Studio (1966-1967),John,100+,5,0,0,0,0,https://upload.wikimedia.org/wikipedia/en/e/ec/Revolver_%28album_cover%29.jpg
Doctor Robert,Revolver,Studio (1966-1967),John,100+,2,0,1​,0,0,https://upload.wikimedia.org/wikipedia/en/e/ec/Revolver_%28album_cover%29.jpg
Eleanor Rigby,Revolver,Studio (1966-1967),Paul,11,2,0,1​,0,0,https://upload.wikimedia.org/wikipedia/en/e/ec/Revolver_%28album_cover%29.jpg
Fixing a Hole,Sgt Pepper's Lonely Hearts Club Band,Studio (1966-1967),Paul,100+,3,0,0,0,0,https://upload.wikimedia.org/wikipedia/commons/5/57/Sgt._Pepper%27s_Lonely_Hearts_Club_Band_album_art.jpg
Flying,Magical Mystery Tour,Studio (1966-1967),N/A,100+,1,0,0,0,0,https://upload.wikimedia.org/wikipedia/en/e/e8/MagicalMysteryTourDoubleEPcover.jpg
For No One,Revolver,Studio (1966-1967),Paul,100+,3,0,0,0,0,https://upload.wikimedia.org/wikipedia/en/e/ec/Revolver_%28album_cover%29.jpg
Got to Get You into My Life,Revolver,Studio (1966-1967),Paul,7,7,0,0,0,0,https://upload.wikimedia.org/wikipedia/en/e/ec/Revolver_%28album_cover%29.jpg
I Am the Walrus,Magical Mystery Tour,Studio (1966-1967),John,56,4,0,0,0,0,https://upload.wikimedia.org/wikipedia/en/e/e8/MagicalMysteryTourDoubleEPcover.jpg
I Want to Tell You,Revolver,Studio (1966-1967),George,100+,5,0,0,0,0,https://upload.wikimedia.org/wikipedia/en/e/ec/Revolver_%28album_cover%29.jpg
Love You To,Revolver,Studio (1966-1967),George,100+,3,0,0,0,0,https://upload.wikimedia.org/wikipedia/en/e/ec/Revolver_%28album_cover%29.jpg
Lucy in the Sky with Diamonds,Sgt Pepper's Lonely Hearts Club Band,Studio (1966-1967),John,100+,6,0,1​,0,0,https://upload.wikimedia.org/wikipedia/commons/5/57/Sgt._Pepper%27s_Lonely_Hearts_Club_Band_album_art.jpg
March of the Meanies,Yellow Submarine,Studio (1966-1967),N/A,100+,4,0,0,0,0,https://upload.wikimedia.org/wikipedia/commons/a/ac/TheBeatles-YellowSubmarinealbumcover.jpg
Pepperland,Yellow Submarine,Studio (1966-1967),N/A,100+,1,0,0,0,0,https://upload.wikimedia.org/wikipedia/commons/a/ac/TheBeatles-YellowSubmarinealbumcover.jpg
Rain,Single,Studio (1966-1967),John,23,1,0,0,0,0,https://upload.wikimedia.org/wikipedia/commons/5/53/Past_Masters.png
Sea of Holes,Yellow Submarine,Studio (1966-1967),N/A,100+,3,0,0,0,0,https://upload.wikimedia.org/wikipedia/commons/a/ac/TheBeatles-YellowSubmarinealbumcover.jpg
Sea of Time,Yellow Submarine,Studio (1966-1967),N/A,100+,3,0,0,0,0,https://upload.wikimedia.org/wikipedia/commons/a/ac/TheBeatles-YellowSubmarinealbumcover.jpg
She Said She Said,Revolver,Studio (1966-1967),John,100+,4,0,0,0,0,https://upload.wikimedia.org/wikipedia/en/e/ec/Revolver_%28album_cover%29.jpg
Taxman,Revolver,Studio (1966-1967),George,100+,1,0,0,0,0,https://upload.wikimedia.org/wikipedia/en/e/ec/Revolver_%28album_cover%29.jpg
Within You Without You,Sgt Pepper's Lonely Hearts Club Band,Studio (1966-1967),George,100+,4,0,0,0,0,https://upload.wikimedia.org/wikipedia/commons/5/57/Sgt._Pepper%27s_Lonely_Hearts_Club_Band_album_art.jpg
A Taste of Honey,Please Please Me,Beatlemania (1963-1965),Paul,100+,4,1​,0,0,0,https://upload.wikimedia.org/wikipedia/en/2/2e/Please_Please_Me.png
I'm Down,Single,Beatlemania (1963-1965),Paul,100+,2,0,0,1​,1​,https://upload.wikimedia.org/wikipedia/commons/5/53/Past_Masters.png
I'm Happy Just to Dance with You,A Hard Day's Night,Beatlemania (1963-1965),George,95,7,0,0,1​,1​,https://upload.wikimedia.org/wikipedia/en/e/e6/HardDayUK.jpg
It Won't Be Long,With The Beatles,Beatlemania (1963-1965),John,100+,4,0,0,1​,1​,https://upload.wikimedia.org/wikipedia/en/5/52/With_the_Beatles.png
Norwegian Wood (This Bird Has Flown),Rubber Soul,Beatlemania (1963-1965),John,100+,6,0,0,1​,1​,https://upload.wikimedia.org/wikipedia/en/5/5b/Rubber_Soul.png
You've Really Got a Hold on Me,With The Beatles,Beatlemania (1963-1965),John,100+,7,1​,0,1​,1​,https://upload.wikimedia.org/wikipedia/en/5/52/With_the_Beatles.png
I Want You (She's So Heavy),Abbey Road,Late Beatles (1968-1970),John,100+,6,0,0,1​,1​,https://en.wikipedia.org/wiki/Abbey_Road#/media/File:The_Beatles_Abbey_Road_album_cover.jpg
I'm So Tired,White Album,Late Beatles (1968-1970),John,100+,3,0,0,1​,1​,https://upload.wikimedia.org/wikipedia/commons/2/20/TheBeatles68LP.jpg
"Long, Long, Long",White Album,Late Beatles (1968-1970),George,100+,3,0,0,1​,1​,https://upload.wikimedia.org/wikipedia/commons/2/20/TheBeatles68LP.jpg
Maxwell's Silver Hammer,Abbey Road,Late Beatles (1968-1970),Paul,100+,3,0,1​,1​,1​,https://en.wikipedia.org/wiki/Abbey_Road#/media/File:The_Beatles_Abbey_Road_album_cover.jpg
Mean Mr. Mustard,Abbey Road,Late Beatles (1968-1970),John,100+,3,0,1​,1​,1​,https://en.wikipedia.org/wiki/Abbey_Road#/media/File:The_Beatles_Abbey_Road_album_cover.jpg
Oh! Darling,Abbey Road,Late Beatles (1968-1970),Paul,100+,2,0,0,1​,1​,https://en.wikipedia.org/wiki/Abbey_Road#/media/File:The_Beatles_Abbey_Road_album_cover.jpg
"Baby, You're a Rich Man",Magical Mystery Tour,Studio (1966-1967),"John, Paul",34,5,0,0,1​,1​,https://upload.wikimedia.org/wikipedia/en/e/e8/MagicalMysteryTourDoubleEPcover.jpg
"Good Morning, Good Morning",Sgt Pepper's Lonely Hearts Club Band,Studio (1966-1967),John,100+,4,0,0,1​,1​,https://upload.wikimedia.org/wikipedia/commons/5/57/Sgt._Pepper%27s_Lonely_Hearts_Club_Band_album_art.jpg
Sgt. Pepper's Lonely Hearts Club Band,Sgt Pepper's Lonely Hearts Club Band,Studio (1966-1967),Paul,71,6,0,1​,1​,1​,https://upload.wikimedia.org/wikipedia/commons/5/57/Sgt._Pepper%27s_Lonely_Hearts_Club_Band_album_art.jpg
Sgt. Pepper's Lonely Hearts Club Band (Reprise),Sgt Pepper's Lonely Hearts Club Band,Studio (1966-1967),"John, Paul, George",71,7,0,1​,1​,1​,https://upload.wikimedia.org/wikipedia/commons/5/57/Sgt._Pepper%27s_Lonely_Hearts_Club_Band_album_art.jpg
When I'm Sixty-Four,Sgt Pepper's Lonely Hearts Club Band,Studio (1966-1967),Paul,100+,3,0,0,1​,1​,https://upload.wikimedia.org/wikipedia/commons/5/57/Sgt._Pepper%27s_Lonely_Hearts_Club_Band_album_art.jpg
Anna (Go to Him),Please Please Me,Beatlemania (1963-1965),John,100+,4,1​,1​,0,1​,https://upload.wikimedia.org/wikipedia/en/2/2e/Please_Please_Me.png
Do You Want to Know a Secret?,Please Please Me,Beatlemania (1963-1965),George,2,7,0,0,0,1​,https://upload.wikimedia.org/wikipedia/en/2/2e/Please_Please_Me.png
Everybody's Trying to Be My Baby,Beatles For Sale,Beatlemania (1963-1965),George,100+,6,1​,0,0,1​,https://upload.wikimedia.org/wikipedia/en/4/40/Beatlesforsale.jpg
Help!,Help!,Beatlemania (1963-1965),John,1,1,0,0,0,1​,https://upload.wikimedia.org/wikipedia/en/d/d7/The_Beatles_-_Help%21.png
I'll Cry Instead,A Hard Day's Night,Beatlemania (1963-1965),John,25,3,0,0,0,1​,https://upload.wikimedia.org/wikipedia/en/e/e6/HardDayUK.jpg
I'll Follow the Sun,Beatles For Sale,Beatlemania (1963-1965),"John, Paul",100+,4,0,0,0,1​,https://upload.wikimedia.org/wikipedia/en/4/40/Beatlesforsale.jpg
I've Just Seen a Face,Help!,Beatlemania (1963-1965),Paul,100+,5,0,0,0,1​,https://upload.wikimedia.org/wikipedia/en/d/d7/The_Beatles_-_Help%21.png
It's Only Love,Help!,Beatlemania (1963-1965),John,100+,3,0,0,0,1​,https://upload.wikimedia.org/wikipedia/en/d/d7/The_Beatles_-_Help%21.png
Please Mr. Postman,With The Beatles,Beatlemania (1963-1965),John,100+,3,1​,1​,0,1​,https://upload.wikimedia.org/wikipedia/en/5/52/With_the_Beatles.png
There's a Place,Please Please Me,Beatlemania (1963-1965),"John, Paul",74,3,0,0,0,1​,https://upload.wikimedia.org/wikipedia/en/2/2e/Please_Please_Me.png
You're Going to Lose That Girl,Help!,Beatlemania (1963-1965),John,100+,6,0,0,0,1​,https://upload.wikimedia.org/wikipedia/en/d/d7/The_Beatles_-_Help%21.png
Everybody's Got Something to Hide Except Me and My Monkey,White Album,Late Beatles (1968-1970),John,100+,10,0,0,0,1​,https://upload.wikimedia.org/wikipedia/commons/2/20/TheBeatles68LP.jpg
Mother Nature's Son,White Album,Late Beatles (1968-1970),Paul,100+,3,0,0,0,1​,https://upload.wikimedia.org/wikipedia/commons/2/20/TheBeatles68LP.jpg
Octopus's Garden,Abbey Road,Late Beatles (1968-1970),Ringo,100+,2,0,0,0,1​,https://en.wikipedia.org/wiki/Abbey_Road#/media/File:The_Beatles_Abbey_Road_album_cover.jpg
Being for the Benefit of Mr. Kite!,Sgt Pepper's Lonely Hearts Club Band,Studio (1966-1967),John,100+,7,0,1​,0,1​,https://upload.wikimedia.org/wikipedia/commons/5/57/Sgt._Pepper%27s_Lonely_Hearts_Club_Band_album_art.jpg
"Here, There and Everywhere",Revolver,Studio (1966-1967),Paul,100+,4,0,0,0,1​,https://upload.wikimedia.org/wikipedia/en/e/ec/Revolver_%28album_cover%29.jpg
I'm Only Sleeping,Revolver,Studio (1966-1967),John,100+,3,0,0,0,1​,https://upload.wikimedia.org/wikipedia/en/e/ec/Revolver_%28album_cover%29.jpg
It's All Too Much,Yellow Submarine,Studio (1966-1967),George,100+,4,0,0,0,1​,https://upload.wikimedia.org/wikipedia/commons/a/ac/TheBeatles-YellowSubmarinealbumcover.jpg
She's Leaving Home,Sgt Pepper's Lonely Hearts Club Band,Studio (1966-1967),Paul,100+,3,0,0,0,1​,https://upload.wikimedia.org/wikipedia/commons/5/57/Sgt._Pepper%27s_Lonely_Hearts_Club_Band_album_art.jpg
All I've Got to Do,With The Beatles,Beatlemania (1963-1965),John,100+,5,0,0,0,1​,https://upload.wikimedia.org/wikipedia/en/5/52/With_the_Beatles.png
Baby It's You,Please Please Me,Beatlemania (1963-1965),John,67,3,1​,0,0,1​,https://upload.wikimedia.org/wikipedia/en/2/2e/Please_Please_Me.png
Can't Buy Me Love,A Hard Day's Night,Beatlemania (1963-1965),Paul,1,4,0,0,0,1​,https://upload.wikimedia.org/wikipedia/en/e/e6/HardDayUK.jpg
Don't Bother Me,With The Beatles,Beatlemania (1963-1965),George,100+,3,0,0,0,1​,https://upload.wikimedia.org/wikipedia/en/5/52/With_the_Beatles.png
Honey Don't,Beatles For Sale,Beatlemania (1963-1965),Ringo,100+,2,1​,0,0,1​,https://upload.wikimedia.org/wikipedia/en/4/40/Beatlesforsale.jpg
I Don't Want to Spoil the Party,Beatles For Sale,Beatlemania (1963-1965),"John, Paul",39,7,0,0,0,1​,https://upload.wikimedia.org/wikipedia/en/4/40/Beatlesforsale.jpg
I'll Be Back,A Hard Day's Night,Beatlemania (1963-1965),John,100+,3,0,0,0,1​,https://upload.wikimedia.org/wikipedia/en/e/e6/HardDayUK.jpg
I'll Get You,Single,Beatlemania (1963-1965),"John, Paul",100+,3,0,0,0,1​,https://upload.wikimedia.org/wikipedia/commons/5/53/Past_Masters.png
I'm a Loser,Beatles For Sale,Beatlemania (1963-1965),John,100+,3,0,0,0,1​,https://upload.wikimedia.org/wikipedia/en/4/40/Beatlesforsale.jpg
I'm Looking Through You,Rubber Soul,Beatlemania (1963-1965),Paul,100+,4,0,0,0,1​,https://upload.wikimedia.org/wikipedia/en/5/5b/Rubber_Soul.png
"Kansas City/Hey, Hey, Hey, Hey",Beatles For Sale,Beatlemania (1963-1965),Paul,100+,5,1​,0,0,1​,https://upload.wikimedia.org/wikipedia/en/4/40/Beatlesforsale.jpg
Money (That's What I Want),With The Beatles,Beatlemania (1963-1965),John,100+,5,1​,0,0,1​,https://upload.wikimedia.org/wikipedia/en/5/52/With_the_Beatles.png
Mr. Moonlight,Beatles For Sale,Beatlemania (1963-1965),John,100+,2,1​,0,0,1​,https://upload.wikimedia.org/wikipedia/en/4/40/Beatlesforsale.jpg
She's a Woman,Single,Beatlemania (1963-1965),Paul,4,3,0,0,0,1​,https://upload.wikimedia.org/wikipedia/commons/5/53/Past_Masters.png
What You're Doing,Beatles For Sale,Beatlemania (1963-1965),Paul,100+,3,0,0,0,1​,https://upload.wikimedia.org/wikipedia/en/4/40/Beatlesforsale.jpg
You Can't Do That,A Hard Day's Night,Beatlemania (1963-1965),John,48,4,0,0,0,1​,https://upload.wikimedia.org/wikipedia/en/e/e6/HardDayUK.jpg
You Won't See Me,Rubber Soul,Beatlemania (1963-1965),Paul,100+,4,0,0,0,1​,https://upload.wikimedia.org/wikipedia/en/5/5b/Rubber_Soul.png
You've Got to Hide Your Love Away,Help!,Beatlemania (1963-1965),John,100+,7,0,0,0,1​,https://upload.wikimedia.org/wikipedia/en/d/d7/The_Beatles_-_Help%21.png
P.S. I Love You,Please Please Me,Early (<=1962),Paul,10,4,0,0,0,1​,https://upload.wikimedia.org/wikipedia/en/2/2e/Please_Please_Me.png
Back in the U.S.S.R.,White Album,Late Beatles (1968-1970),Paul,100+,4,0,0,0,1​,https://upload.wikimedia.org/wikipedia/commons/2/20/TheBeatles68LP.jpg
Don't Let Me Down,Single,Late Beatles (1968-1970),John,35,4,0,0,0,1​,https://upload.wikimedia.org/wikipedia/commons/5/53/Past_Masters.png
Don't Pass Me By,White Album,Late Beatles (1968-1970),Ringo,100+,4,0,0,0,1​,https://upload.wikimedia.org/wikipedia/commons/2/20/TheBeatles68LP.jpg
I've Got a Feeling,Let It Be,Late Beatles (1968-1970),"John, Paul",100+,4,0,0,0,1​,https://upload.wikimedia.org/wikipedia/commons/7/7a/The_Beatles_-_Let_It_Be.png
"Ob-La-Di, Ob-La-Da",White Album,Late Beatles (1968-1970),Paul,48,2,0,0,0,1​,https://upload.wikimedia.org/wikipedia/commons/2/20/TheBeatles68LP.jpg
Why Don't We Do It in the Road?,White Album,Late Beatles (1968-1970),Paul,100+,8,0,0,0,1​,https://upload.wikimedia.org/wikipedia/commons/2/20/TheBeatles68LP.jpg
"Hello, Goodbye",Magical Mystery Tour,Studio (1966-1967),Paul,1,2,0,0,0,1​,https://upload.wikimedia.org/wikipedia/en/e/e8/MagicalMysteryTourDoubleEPcover.jpg
You Know My Name (Look Up the Number),Single,Studio (1966-1967),"John, Paul",100+,8,0,0,0,1​,https://upload.wikimedia.org/wikipedia/commons/5/53/Past_Masters.png
A Hard Day's Night,A Hard Day's Night,Beatlemania (1963-1965),"John, Paul",1,4,0,0,1​,1​,https://upload.wikimedia.org/wikipedia/en/e/e6/HardDayUK.jpg
Baby's in Black,Beatles For Sale,Beatlemania (1963-1965),"John, Paul",100+,3,0,0,1​,1​,https://upload.wikimedia.org/wikipedia/en/4/40/Beatlesforsale.jpg